{"grid_size_m": 400, "paso_lat": 0.0035932446999640674, "paso_lon": 0.0036598753223404615, "ref_lat": -10.949707463451862}